image,original_split,new_split,group_id,classes,dhash
036254C3-CB99-4264-B607-F933D70380A5.jpg,train,train,0,"0,2,4,5",630f1bb624bc6c38
0B89AD95-14D1-4444-94E3-504AD7CD20D5.jpg,train,train,1,"0,2,4,5",60ac6766a6637b39
0F444891-81CA-4AAA-9B7C-B0C329D88D2E.jpg,train,train,2,"0,2,4,5",7cfdfdfcbc747464
108841.jpg,train,train,3,"0,2,4,5",1b9e8c8c86274606
111322A5-E922-44B5-AFFB-1D3C48DD91C3.jpg,train,train,4,"0,2,4,5",9c9b63e3a39d9890
1582389.jpg,train,train,5,"0,1",43c54708282908e0
1582390.jpg,train,train,6,"0,1,2,3",6b67672b2b2b4d90
1582391.jpg,train,val,7,"0,1,2,3",37393a3b33330391
1582392.jpg,train,train,8,"2,3,5",b89694959595952b
1582393.jpg,train,val,9,"0,1,2,3",43416d6d296dce11
15B2208E-C218-4851-9ABE-B3F0094A72F7.jpg,train,val,10,"0,2,4,5",c4c1c1d190d811a1
18A334A0-0E1F-46D1-983A-B5D1EF4A9723.jpg,train,train,11,"0,2,4,5,6",bc8ac6c0ccd6d652
1D4BCAF0-E87D-4CB8-8CE4-3E8CC87AAA94.jpg,train,train,12,"0,2,3,4,5,6",0f143523b3938b87
1DF3A397-0C3A-43F9-B4B3-A688F5CAEE93.jpg,train,val,13,"0,2,4,5,6",a4868c98d6d60e3a
33620025-2C02-4D99-A493-6434974E99E6.jpg,train,train,14,"0,2,4,5,6",1cc4ccd05a74d4f4
34AF015D-39D9-42C0-9BED-EBF29C5C9352.jpg,train,train,15,"0,2,4,5",c4d4d4c4c8d0cae9
393F5795-5F54-4FFC-94B1-079B7147676D.jpg,train,train,16,"0,2,4,5",4356d6d2e2e6e2e2
3DBC9BEA-372B-4016-8507-3647972D573D.jpg,train,train,17,"0,2,3,4,5",6969722a6a9a9292
43FF7C46-D8CD-4E64-BD1E-D0F2FB1B5AB2.jpg,train,train,18,"0,2,4,5",b3d1c3c0c0c0cc6c
4D721AED-0837-4DEC-9D6C-B037B9EF0054.jpg,train,val,19,"0,2,4,5",e4e4e8e8e8e8e8ec
4F801E31-6466-404A-9B4A-B0689B365B9D.jpg,train,train,20,"0,2,3,4,5,6",311d181c1c849c9a
54562221-C052-40C9-BAA2-059A975643C2.jpg,train,train,21,"0,2,4,5,6",d6d6da5a5aca8a3f
584D6FC2-0BC9-4536-B6EA-A6EE37112735.jpg,train,train,22,"0,2,4,5",868690d486941050
6123A5F6-2FD1-46D0-9FA4-4454B31299A0.jpg,train,train,23,"0,1,2,4,5",46641c0b0b1b4e2e
6BA79ECC-750A-48F9-9F3B-8BCFD634AA8C.jpg,train,train,24,"0,1,2,4,5",b9c2c2d0c0c0c656
7E47AA0D-B94C-4E27-A14E-4D148F16C64D.jpg,train,train,25,"2,4,5",9202d044d0c53163
7EBF24DD-8EAA-4FFA-8619-CEB9C1A2F4F0.jpg,train,train,26,"0,2,4,5",a4e4d4d0d0c0e0c4
7F317759-EFC1-4E1B-A4BD-7E62A3B6B2B1.jpg,train,train,27,"0,2,4,5",2ea6cdcdcfcbcd05
855EF881-F1CB-44FC-B35B-9CA14BB6AF9D.jpg,train,train,28,"0,2,4,5",9b989899d9b199c1
9035C7DC-0D2A-454C-A9F6-87B936C87006.jpg,train,train,29,"0,2,4,5",d0d0d8d8d8d8ccc4
A05303E4-BB65-481A-99EE-EB7CFBE90B82.jpg,train,train,30,"0,2,4,5",e1f0f1f0f0e0e0c2
ACE9F27F-713D-4C5B-AFE4-2F1755D7AD51.jpg,train,train,31,"0,2,5",c8ceada9a3c3c4c6
AE5C6B58-1409-4BBC-B151-DE1D3362FB69.jpg,train,train,32,"0,2,4,5",0856767252d1d226
B279F2B7-F8A8-4591-B5BF-CB60EE50886D.jpg,train,train,33,"2,4,5",094b4be39e5206a3
B2894B10-F208-4997-AEB7-09F9163FD9E6.jpg,train,train,34,"0,2,4,5",37f4cce0f8901000
B69AAE0E-345F-4CCD-943E-3F3E58CF9C81.jpg,train,train,35,"0,2,4,5",8cced2cacee6e2e2
BAF6A606-5DC8-40B7-9C93-2FEA3BC7862B.jpg,train,train,36,"0,2,4,5,6",01d4d4d072787678
C3D90AF9-DF11-4F90-B6D2-A9A8BE738A86.jpg,train,train,37,"0,1,2,4,5",ec6c646573f4262e
CC111695-0A5A-403B-B73C-77ABC2A52C0A.jpg,train,train,38,"0,1,2,4",320b0e0e0b1b3226
D4AA1785-3758-41B3-A538-FF2354B81F9D.jpg,train,train,39,"0,2,4,5",c60e3c70d8d8d084
DBACAB03-E652-4F83-A7D0-04AF20AC0714.jpg,train,train,40,"2,4,5",03a16169618181a1
DE43BA3F-C800-47AB-B45E-9EC8436A827C.jpg,train,train,41,"2,4,5",52074175961a4a53
E827C42B-2B8B-493D-BD52-B30A7ADC81B0.jpg,train,train,42,"0,2,4,5",c8fcecececf2f1f2
FAEE8E5F-EF27-43BA-9381-1DAC3B444D3E.jpg,train,train,43,"0,2,4,5",d8cb2bdadacedc63
FEFFE797-9A15-4544-B26A-C795742B4781.jpg,train,train,44,"0,1,2,4",030e9382a77a9e8c
LINE_NOTE_260406_1.jpg,train,train,45,"2,3",191a48480f0f0706
LINE_NOTE_260406_1B.jpg,train,val,46,"0,2,4,5,6",98367636333323a3
LINE_NOTE_260406_2B.jpg,train,train,47,"2,4,5",3e3e5ece0f1f3f7f
LINE_NOTE_260406_3.jpg,train,train,48,"0,2,3,5,6",d5adad8c8c8c8c34
LINE_NOTE_260406_3B.jpg,train,train,49,"2,4,5",9fffcfe3e2c85e07
LINE_NOTE_260406_4B.jpg,train,train,50,"2,4,5",7bd2daf3e5c0c8c8
LINE_NOTE_260406_5.jpg,train,train,51,"2,3,5",ca83969a8a8e8e96
LINE_NOTE_260406_5B.jpg,train,train,52,"2,4,5",73e1d88c8d8c8f03
LINE_NOTE_260406_6.jpg,train,train,53,"2,3,5",0028ed8d8fb33373
LINE_NOTE_260406_6565.jpg,train,val,54,"0,2,3,4,5,6",1392163e31133303
LINE_NOTE_260406_66.jpg,train,val,55,"2,3,4,5,6",9696978f8f8e869e
LINE_NOTE_260406_67.jpg,train,train,56,"2,3,5",cdfed4c4d6d49619
LINE_NOTE_260406_6B.jpg,train,train,57,"0,2,3,4",ffbc3c3c1313336f
LINE_NOTE_260406_7111.jpg,train,val,58,"2,3,6",1d0d1c1c1c1c3c0c
LINE_NOTE_260406_72.jpg,train,train,59,"2,3,5",2dcddc8d37377343
LINE_NOTE_260406_73B.jpg,train,train,60,"1,2,4,5,6",17363633b1313149
LINE_NOTE_260406_756.jpg,train,train,61,"0,1,2,3,5,6",5745dc9c9c9867c7
LINE_NOTE_260406_766.jpg,train,train,62,"0,1,2,3,5,6",4fe5d5c7cfcfce97
LINE_NOTE_260406_7666.jpg,train,val,63,"2,3,5,6",2d4cd4d454d4d456
LINE_NOTE_260406_76666.jpg,train,train,64,"0,1,2,3,5,6",94c6363e3d3c1913
LINE_NOTE_260406_77.jpg,train,train,65,"0,2,3,5",42484c0e948c8c80
LINE_NOTE_260406_7777.jpg,train,train,66,"0,2,3,5,6",29a8a8e864e8ecec
LINE_NOTE_260406_78.jpg,train,train,67,"0,2,3,5,6",84d19999b1e1c8e0
LINE_NOTE_260406_788.jpg,train,train,68,"0,2,3,5,6",c2d8dcacaccc04e2
LINE_NOTE_260406_7888.jpg,train,train,69,"0,2,3,5,6",33caaaccd8d8d8d8
LINE_NOTE_260406_7888B.jpg,train,train,70,"0,2,4,5,6",1818c3c353539b99
LINE_NOTE_260406_79.jpg,train,train,71,"2,3,5,6",25a4a49f120e8e8e
LINE_NOTE_260406_799.jpg,train,train,72,"2,3,5",0dc0d485a485850f
LINE_NOTE_260406_79B.jpg,train,train,73,"2,4,5",ff7d45c5c5c5c51f
LINE_NOTE_260406_7B.jpg,train,train,74,"2,4,5,6",9c9d3d9d9c9c1c1c
LINE_NOTE_260406_8.jpg,train,val,75,"2,3,5",c9a3a2a93f3b3b03
LINE_NOTE_260406_823.jpg,train,train,76,"0,2,3,5,6",f1e359ddf5272767
LINE_NOTE_260406_833B.jpg,train,val,77,"2,4,5",3ffcc4c6563e3878
LINE_NOTE_260406_834B.jpg,train,train,78,"1,2,4,5,6",948e9e8e8a9e9e16
LINE_NOTE_260406_845B.jpg,train,val,79,"2,4,5,6",1c862627be9e9e3e
LINE_NOTE_260406_846B.jpg,train,train,80,"2,4,5,6",e3e1dddd5bc54d37
LINE_NOTE_260406_84B.jpg,train,train,81,"0,2,3,4,5,6",3373163e33333373
LINE_NOTE_260406_85555B.jpg,train,train,82,"0,2,4,5,6",6d7bb3bb636667cc
LINE_NOTE_260406_8555B.jpg,train,train,83,"2,4,5",03879696cad4d606
LINE_NOTE_260406_85B.jpg,train,val,84,"0,1,2,4,6",06073d3f32301385
LINE_NOTE_260406_866B.jpg,train,train,85,"2,4,5,6",b9e5dfdfd9d89828
LINE_NOTE_260406_867B.jpg,train,train,86,"2,4,5",ad1dcd0fdd4d0f26
LINE_NOTE_260406_88888B.jpg,train,train,87,"2,4,5",d0d1cce6db13c3c3
LINE_NOTE_260406_8888B.jpg,train,train,88,"0,2,4,5,6",3ecc84d09d9d99a8
LINE_NOTE_260406_8899B.jpg,train,train,89,"0,2,4,5,6",3838a7a3a3331905
LINE_NOTE_260406_89.jpg,train,val,90,"2,3,5,6",8686968b8e8e8e1e
LINE_NOTE_260406_8999B.jpg,train,train,91,"2,4,5",c9c02828323b3631
LINE_NOTE_260406_899B.jpg,train,train,92,"0,2,4,5,6",11871b3333111161
LINE_NOTE_260406_89B.jpg,train,val,93,"2,4,5,6",96263e9a9e9e8e0e
LINE_NOTE_260406_8f.jpg,train,train,94,"0,1,2,4",1f0f17178e869417
LINE_NOTE_260406_999.jpg,train,train,95,"0,2,3,4,5,6",33863e1c13131333
LINE_NOTE_260406_as.jpg,train,train,96,"1,2,4,5",1e05171f3b191939
LINE_NOTE_260406_c.jpg,train,train,97,"2,4,5",1f85868f9e9e8e86
LINE_NOTE_260406_cc.jpg,train,val,98,"2,4,5",fbf1c58d1911357d
LINE_NOTE_260406_fdf.jpg,train,train,99,"2,4,5",1bcccc93d7d59507
LINE_NOTE_260406_ff.jpg,train,train,100,"0,1,2,4",070f071717961409
LINE_NOTE_260406_fff.jpg,train,train,101,"0,2,4,5",7fb1b286960e8eb0
LINE_NOTE_260406_ffff.jpg,train,train,102,"0,2,4,5,6",0396969295b6deb2
LINE_NOTE_260406_fg.jpg,train,train,103,"0,2,3,4,5",9cd4d5f555554dbc
LINE_NOTE_260406_ggg.jpg,train,train,104,"0,2,4,5",94d5f5f1a5050505
LINE_NOTE_260406_ghj.jpg,train,train,105,"2,4",9b12174f1e1d070f
LINE_NOTE_260406_hhh.jpg,train,train,106,"2,4,5",c2ca525256564606
LINE_NOTE_260406_hhhh.jpg,train,train,107,"0,2,4,5",ce74727373664646
LINE_NOTE_260406_jjj.jpg,train,train,108,"2,4",0f1d1f030f070f07
LINE_NOTE_260406_rrr.jpg,train,train,109,"0,1,2,4,5",16973a3a9217878c
LINE_NOTE_260406_t.jpg,train,train,110,"0,1,2,4",61c9c9494b9ba161
LINE_NOTE_260406_tt.jpg,train,val,111,"0,1,2,4,5,6",439cbe96943351a9
LINE_NOTE_260406_ttt.jpg,train,train,112,"1,2,4,6",9796d6dedc3c7918
LINE_NOTE_260406_uuu.jpg,train,train,113,"2,3,5,6",a5cff0662645c4f5
LINE_NOTE_260406_yy.jpg,train,train,114,"0,2,3,5",d9d9e8e664557533
LINE_NOTE_260406_yyy.jpg,train,train,115,"2,3,5",0733331b9a92c281
LINE_NOTE_260406_zzz.jpg,train,train,116,"0,1,2,4",154d491999897bf9
LINE_NOTE_260407_3.jpg,train,train,117,"2,3,5",12b3b1a1bd9d898a
LINE_NOTE_260422_1.jpg,train,train,118,"0,2,3,5",07831c0c8c000404
LINE_NOTE_260422_10.jpg,train,train,117,"2,3,5",12b3b1a1bd9d898a
LINE_NOTE_260422_11.jpg,train,train,119,"2,3,5,6",f6e6baba9696ac2e
LINE_NOTE_260422_12.jpg,train,train,120,"0,2,3,5",e4d4b69292969646
LINE_NOTE_260422_13.jpg,train,train,121,"0,2,3,5",c9f9d1d4d4d5d1d5
LINE_NOTE_260422_14.jpg,train,train,122,"2,3,5",00037826197b7b66
LINE_NOTE_260422_16.jpg,train,val,123,"0,2,3,5",9594aea6ea96f464
LINE_NOTE_260422_17.jpg,train,train,124,"0,2,3,5,6",78d0dcc8d8ccec0c
LINE_NOTE_260422_18.jpg,train,train,125,"0,2,3,5",7ed6d6d4d4f4f4dc
LINE_NOTE_260422_19.jpg,train,train,126,"0,2,3,5,6",07d6929cdcd8cc86
LINE_NOTE_260422_2.jpg,train,val,127,"0,2,3,5",0080d2d1d1d060cc
LINE_NOTE_260422_20.jpg,train,train,128,"2,3,5",ca5acad27a527262
LINE_NOTE_260422_21.jpg,train,val,129,"0,2,3,5,6",ddcc64747c7cec4d
LINE_NOTE_260422_22.jpg,train,train,130,"0,2,3,5",52d6dad8bc99999b
LINE_NOTE_260422_24.jpg,train,train,131,"0,2,3,4,5",4994963298baac4c
LINE_NOTE_260422_25.jpg,train,train,132,"0,2,3,5",2f8bcbcbcbc50735
LINE_NOTE_260422_26.jpg,train,train,133,"0,2,3,5",a78e82a686a6a4ec
LINE_NOTE_260422_28.jpg,train,train,134,"2,3,5,6",203a3a9a9e909547
LINE_NOTE_260422_29.jpg,train,val,135,"2,3,5",7cd69a9c9c9c1e1e
LINE_NOTE_260422_3.jpg,train,train,136,"2,3,5",81833371711436a7
LINE_NOTE_260422_30.jpg,train,train,137,"0,2,3,5",1f1dd8d8c8cccc8b
LINE_NOTE_260422_31.jpg,train,train,138,"0,2,3,5",f09296dcdc5ede9a
LINE_NOTE_260422_32.jpg,train,train,139,"2,3,5",1300b333554363b3
LINE_NOTE_260422_33.jpg,train,train,140,"0,2,3,5,6",84262aaaac8c0cf1
LINE_NOTE_260422_34.jpg,train,train,141,"0,2,3,5,6",1616a5a5a4b4b61e
LINE_NOTE_260422_35.jpg,train,train,142,"2,3,5",406d6dc5dde9ebe9
LINE_NOTE_260422_36.jpg,train,train,143,"2,3,5,6",a6266494949cbc9c
LINE_NOTE_260422_37.jpg,train,train,144,"0,2,3,5,6",6ee6565aeadacefc
LINE_NOTE_260422_38.jpg,train,train,145,"0,2,3,5",c9343630b9999bc3
LINE_NOTE_260422_39.jpg,train,train,146,"0,2,3,5,6",48eac9c9d8c8cc8e
LINE_NOTE_260422_4.jpg,train,train,147,"2,3,5,6",80a4363626662664
LINE_NOTE_260422_40.jpg,train,train,148,"0,2,3,5",1dadb0b0b898989b
LINE_NOTE_260422_41.jpg,train,val,149,"0,2,3,5",b49e12aa33131636
LINE_NOTE_260422_42.jpg,train,train,150,"0,2,3,5",9dc19197b68ecaf9
LINE_NOTE_260422_43.jpg,train,train,151,"0,2,3,4,5,6",38242434b4b4b4b4
LINE_NOTE_260422_44.jpg,train,train,152,"0,2,3,5",17331736e3a6b67d
LINE_NOTE_260422_45.jpg,train,train,153,"0,2,3,4,5",8c96b29292b294a5
LINE_NOTE_260422_46.jpg,train,val,154,"2,3,5",02b3b39292929296
LINE_NOTE_260422_47.jpg,train,train,155,"0,2,3,4,5,6",87b2b2b2b2b49495
LINE_NOTE_260422_48.jpg,train,train,156,"2,3,5",9a92b2b69696961c
LINE_NOTE_260422_5.jpg,train,train,157,"0,2,3,4",0118733939696c00
LINE_NOTE_260422_6.jpg,train,train,158,"0,2,3,5",91e1d5dc94b42c33
LINE_NOTE_260422_7.jpg,train,train,159,"0,2,3,5,6",8686e0d0ccccdcd9
LINE_NOTE_260422_8.jpg,train,val,160,"0,2,3,5,6",0684d4d2d6361456
LINE_NOTE_260422_9.jpg,train,val,161,"0,2,3,5",0696d2d256761e0e
Picture1.jpg,train,val,162,"0,2,4,5",f579c9c0c84e3133
Picture10.jpg,train,val,163,"0,2,3,4,5",7072929292d678f0
Picture11.jpg,train,val,164,"0,2,4",c7c7666669f2fede
Picture12.jpg,train,train,165,"0,2,3,4,5",15148b978315351a
Picture13.jpg,train,train,166,"0,2,4",c898b890c448f0f0
Picture14.jpg,train,train,167,"0,2,4",031f3d299fa7777d
Picture15.jpg,train,train,168,"0,2,4",3e73f7e7e7edf177
Picture16.jpg,train,val,169,"1,2,4",050909111909121b
Picture17.jpg,train,train,170,"2,4,5",4c8d1d150569e9c9
Picture19.png,train,val,171,"0,2,4,5",9d193d1dc9657e7f
Picture2.jpg,train,train,172,"0,2,4",cae2635b8bbfbfdf
Picture20.jpg,train,train,173,"0,1,2,4,5,6",8313193414311309
Picture21.jpg,train,train,174,"2,4,5",2fd8989ae2f297d7
Picture22.jpg,train,train,175,"0,1,2,4",e424cf6763f1e1f9
Picture23.jpg,train,train,109,"0,1,2,4",16973a3a9297878c
Picture24.jpg,train,train,176,"0,2,4,5",6853726e4c3f393b
Picture25.jpg,train,train,177,"0,2,4,5",f85a5a9e547e3b3b
Picture26.jpg,train,train,178,"2,4",a4b2333c3c3cb1b0
Picture27.jpg,train,train,179,"2,4",5159190a0e0c8c8c
Picture28.jpg,train,train,180,"2,4",9dcc4c4c6465e464
Picture29.jpg,train,val,181,"0,2,4,5",a784948c8c9c98b0
Picture3.jpg,train,val,182,"0,2,4",0ccc2c3709312929
Picture30.jpg,train,train,108,"2,4",0f1d1f030f070f07
Picture31.jpg,train,train,183,"0,2,4,6",398defad8d6fe7c7
Picture32.jpg,train,val,184,"0,2,4",a35b1f9f9ddccdc7
Picture33.jpg,train,train,185,"0,2,3,5",ff7f6bc9d998c9ff
Picture34.jpg,train,train,186,"0,2,3,5",241297b6b6b21906
Picture35.jpg,train,train,187,"0,2,3,5,6",c4ccc4c4c4c4ccec
Picture37.jpg,train,train,188,"0,2,3,5",ffcfc2b7238a9101
Picture38.jpg,train,train,189,"0,2,3,5,6",e1c8caccddca08c9
Picture4.jpg,train,val,162,"0,2,4,5",f579c9c0c84e3133
Picture40.jpg,train,train,190,"0,2,3,5",cbc9d9c9c9c9cbc4
Picture41.jpg,train,train,191,"0,3,4,5",0fc3b0a0a0c0e8c0
Picture42.jpg,train,train,192,"0,2,3,5",c1d4b4b4b4b4b696
Picture43.jpg,train,train,185,"0,2,3,5",ff7f6bc9d998c9ff
Picture44.jpg,train,train,188,"0,2,3,5",ffcfd2a7238a9301
Picture46.jpg,train,train,193,"0,2,3,6",0726d5d9d7f7c180
Picture47.jpg,train,train,194,"2,3,6",071b3bace63e66c2
Picture48.png,train,train,195,"1,2,3",2707272f27bfbe16
Picture49.png,train,val,196,"2,3,5",41bcb49481058181
Picture5.jpg,train,train,197,"0,2,4,5",93aeaa98bef5815c
Picture50.jpg,train,train,198,"0,2,3,5",98d0d4c5c4d2f724
Picture52.jpg,train,train,199,"0,2,3,4",9391989c9cba0350
Picture53.jpg,train,val,200,"0,1,2,3",820a909090910359
Picture55.jpg,train,train,201,"2,3,4,5",2edc5c54515c1c71
Picture56.jpg,train,train,202,"1,2,3",0f0b0b080b081b1f
Picture58.jpg,train,train,203,"2,3,5",40179696949c3f27
Picture59.jpg,train,val,204,"0,2,4",f8f9ebfbfaaa2a25
Picture6.jpg,train,val,205,"0,2,4,5",07469e8aceb391a8
Picture60.jpg,train,train,108,"2,4",0f1d1f030f070f07
Picture61.jpg,train,train,206,"2,3,5",ff93979787f7ff7e
Picture62.jpg,train,train,207,"0,2,3,5,6",f20fd7f2727273ff
Picture7.jpg,train,val,162,"0,2,4,5",f579c9c0c84e3133
Picture8.jpg,train,train,208,"0,2,4,5",82bcacae9c123979
Picture9.jpg,train,train,209,"2,4,5",78704e4e4f1e1d19
timeline_20260227_165451.jpg,train,train,210,"0,2,4",0bcecb9390241933
timeline_20260227_165455.jpg,train,train,211,"0,2,4",1011dcd5d3dccccc
timeline_20260227_165501.jpg,train,train,212,"0,2,4,5",b686282828b6a68e
timeline_20260302_170423.jpg,train,train,213,"0,2,4,5",8ebccceaa2cecce0
timeline_20260328_160321.jpg,train,val,214,"0,2,4,5",0d07c7e0e0f0ac34
timeline_20260401_181721.jpg,train,train,215,"0,2,4",71e1ddd9cdcc1d18
timeline_20260407_174913.jpg,train,train,216,"0,2,4,5",61438381918b9b64
timeline_20260407_181911.jpg,train,val,217,"0,2,4,5",87d7c7c1e4e0a010
timeline_20260421_093635.jpg,train,train,218,"0,2,4",030787c1c1438a13
timeline_20260421_093638.jpg,train,train,219,"0,2,4,5",60e0c3c9c8caa6ad
รูป-25690326-032943-2620a861.jpeg,train,val,220,"2,3,5,6",e4e0e2c0c2c0c8c8
รูป-25690326-044658-4b19ed55.jpeg,train,train,221,"0,1",da0f0f979b8f9f91
รูป-25690326-044901-4caa5c1e.jpeg,train,train,222,"2,3,5,6",c0e090a89090cac8
รูป-25690326-045114-b3e2c88d.jpeg,train,train,223,"2,3,5,6",50d090c191d1c1c3
รูป-25690326-062006-82c97cdc.jpeg,train,train,224,"2,3,5,6",c0c3e3c0c1c1c0c8
รูป-25690326-071322-747ecaf9.jpeg,train,train,225,"0,1",3c5c0e8e87835efe
รูป-25690327-025113-ac06429a.jpeg,train,val,226,"0,1,2,4",9c3c5d9dbd8c4e4e
รูป-25690327-025149-091d6da7.jpeg,train,train,227,"0,2,4,5",d9d9d495b59c9884
รูป-25690327-030045-85ceb5be.jpeg,train,train,228,"0,2,4",bdbddcd8cd8d9f9e
0A08B4AD-E593-4F24-A140-5D963B6067A1.jpg,val,train,229,"0,2,3,4,5",1ca8a4f27a0e261e
4D4F5C88-E895-442C-872A-811376291EAC.jpg,val,train,230,"0,2,4,5",98e4d6d4ccc0c1e5
9467E212-2AD1-48FB-A302-7D668DF12A02.jpg,val,train,231,"0,2,4,5",e8e2f2e2e2e3d0c3
A999FE0F-08C1-4AAB-B3FF-1767EA7EDD3D.jpg,val,val,232,"0,2,4,5",a4e4f4f4e4e4e4c4
C90BB24D-B682-467C-A42B-DEC4DD0FE318.jpg,val,val,233,"0,2,4,5",4f4cd65650d684c0
DC47F2FF-71F5-401B-AE5F-56E073A130AF.jpg,val,val,234,"0,2,4,5",1fdffcf4ee663249
F6750D82-265F-4E7E-B673-B118BE59B45A.jpg,val,train,235,"0,2,4,5,6",2182aae2f1450307
LINE_NOTE_260406_2.jpg,val,train,236,"0,2,3",748c9c8cc4d81868
LINE_NOTE_260406_4.jpg,val,val,237,"2,3,5",5ec2c82b17472f3f
LINE_NOTE_260406_799B.jpg,val,train,238,"2,4,5",6b03ce96b6663830
LINE_NOTE_260406_811.jpg,val,train,239,"0,2,3,5,6",b73e333333331385
LINE_NOTE_260406_855B.jpg,val,train,240,"1,2,4,5,6",02072e1e9e8e8e2c
LINE_NOTE_260406_87.jpg,val,val,241,"0,2,3,5,6",8acc8e86a68cc2c0
LINE_NOTE_260406_h.jpg,val,val,181,"0,2,4,5",2784948c8c9c98b0
LINE_NOTE_260406_hh.jpg,val,train,242,"0,2,4,5",0d8e9681b5b69236
LINE_NOTE_260406_x.jpg,val,train,243,"2,4,5,6",94a52e0e0c2c3c0c
LINE_NOTE_260407_5.jpg,val,val,161,"2,3,5",0696d2d256761e0e
LINE_NOTE_260422_15.jpg,val,val,244,"2,3,5",763aba2a6a8ece8e
LINE_NOTE_260422_23.jpg,val,train,245,"0,2,3,5",3e56541c185c1c6d
LINE_NOTE_260422_27.jpg,val,train,246,"0,2,3,5,6",b0c0d458da5ade86
Picture18.jpg,val,train,247,"0,2,4,5",b3cbdbd09f8bc9b4
Picture36.jpg,val,train,185,"0,2,3,5,6",ff3f6bc9d998c9ff
Picture45.jpg,val,val,248,"0,2,3,4,5",68cec8fc9c30b2c0
Picture51.jpg,val,train,165,"0,2,3,4,5",15148b978315351a
Picture54.jpg,val,train,249,"0,2,3,6",1fe989b9b8c86878
Picture57.jpg,val,train,250,"1,2,3",072e2f2f0f2d2f1f
timeline_20260319_151848.jpg,val,train,251,"0,2,4,5",27bff2e6e6e7e3fa
timeline_20260321_115327.jpg,val,train,252,"0,2,4,5",0713dbe3e6ec7c6f
รูป-25690327-025301-ef4925e5.jpeg,val,train,253,"0,2,4,5",808d8d8496d69c3e
